File_Path,prediction
/Volumes/KINGSTON/summerschool/challenge_data/test/surfaces/sample_0001_surface.vtk,-1
/Volumes/KINGSTON/summerschool/challenge_data/test/surfaces/sample_0004_surface.vtk,-1
/Volumes/KINGSTON/summerschool/challenge_data/test/surfaces/sample_0005_surface.vtk,1
/Volumes/KINGSTON/summerschool/challenge_data/test/surfaces/sample_0006_surface.vtk,-1
/Volumes/KINGSTON/summerschool/challenge_data/test/surfaces/sample_0009_surface.vtk,1
/Volumes/KINGSTON/summerschool/challenge_data/test/surfaces/sample_0010_surface.vtk,1
/Volumes/KINGSTON/summerschool/challenge_data/test/surfaces/sample_0011_surface.vtk,-1
/Volumes/KINGSTON/summerschool/challenge_data/test/surfaces/sample_0012_surface.vtk,1
/Volumes/KINGSTON/summerschool/challenge_data/test/surfaces/sample_0013_surface.vtk,-1
/Volumes/KINGSTON/summerschool/challenge_data/test/surfaces/sample_0014_surface.vtk,1
/Volumes/KINGSTON/summerschool/challenge_data/test/surfaces/sample_0019_surface.vtk,1
/Volumes/KINGSTON/summerschool/challenge_data/test/surfaces/sample_0021_surface.vtk,1
/Volumes/KINGSTON/summerschool/challenge_data/test/surfaces/sample_0022_surface.vtk,1
/Volumes/KINGSTON/summerschool/challenge_data/test/surfaces/sample_0023_surface.vtk,1
/Volumes/KINGSTON/summerschool/challenge_data/test/surfaces/sample_0024_surface.vtk,1
/Volumes/KINGSTON/summerschool/challenge_data/test/surfaces/sample_0026_surface.vtk,1
/Volumes/KINGSTON/summerschool/challenge_data/test/surfaces/sample_0027_surface.vtk,1
/Volumes/KINGSTON/summerschool/challenge_data/test/surfaces/sample_0029_surface.vtk,1
/Volumes/KINGSTON/summerschool/challenge_data/test/surfaces/sample_0030_surface.vtk,-1
/Volumes/KINGSTON/summerschool/challenge_data/test/surfaces/sample_0031_surface.vtk,1
/Volumes/KINGSTON/summerschool/challenge_data/test/surfaces/sample_0034_surface.vtk,1
/Volumes/KINGSTON/summerschool/challenge_data/test/surfaces/sample_0035_surface.vtk,1
/Volumes/KINGSTON/summerschool/challenge_data/test/surfaces/sample_0036_surface.vtk,1
/Volumes/KINGSTON/summerschool/challenge_data/test/surfaces/sample_0038_surface.vtk,1
/Volumes/KINGSTON/summerschool/challenge_data/test/surfaces/sample_0040_surface.vtk,1
/Volumes/KINGSTON/summerschool/challenge_data/test/surfaces/sample_0043_surface.vtk,1
/Volumes/KINGSTON/summerschool/challenge_data/test/surfaces/sample_0044_surface.vtk,-1
/Volumes/KINGSTON/summerschool/challenge_data/test/surfaces/sample_0046_surface.vtk,1
/Volumes/KINGSTON/summerschool/challenge_data/test/surfaces/sample_0051_surface.vtk,-1
/Volumes/KINGSTON/summerschool/challenge_data/test/surfaces/sample_0052_surface.vtk,1
/Volumes/KINGSTON/summerschool/challenge_data/test/surfaces/sample_0053_surface.vtk,-1
/Volumes/KINGSTON/summerschool/challenge_data/test/surfaces/sample_0054_surface.vtk,1
/Volumes/KINGSTON/summerschool/challenge_data/test/surfaces/sample_0055_surface.vtk,1
/Volumes/KINGSTON/summerschool/challenge_data/test/surfaces/sample_0058_surface.vtk,1
/Volumes/KINGSTON/summerschool/challenge_data/test/surfaces/sample_0063_surface.vtk,1
/Volumes/KINGSTON/summerschool/challenge_data/test/surfaces/sample_0064_surface.vtk,1
/Volumes/KINGSTON/summerschool/challenge_data/test/surfaces/sample_0065_surface.vtk,1
/Volumes/KINGSTON/summerschool/challenge_data/test/surfaces/sample_0070_surface.vtk,1
/Volumes/KINGSTON/summerschool/challenge_data/test/surfaces/sample_0072_surface.vtk,-1
/Volumes/KINGSTON/summerschool/challenge_data/test/surfaces/sample_0073_surface.vtk,1
/Volumes/KINGSTON/summerschool/challenge_data/test/surfaces/sample_0075_surface.vtk,1
/Volumes/KINGSTON/summerschool/challenge_data/test/surfaces/sample_0077_surface.vtk,1
/Volumes/KINGSTON/summerschool/challenge_data/test/surfaces/sample_0078_surface.vtk,-1
/Volumes/KINGSTON/summerschool/challenge_data/test/surfaces/sample_0079_surface.vtk,1
/Volumes/KINGSTON/summerschool/challenge_data/test/surfaces/sample_0080_surface.vtk,-1
/Volumes/KINGSTON/summerschool/challenge_data/test/surfaces/sample_0082_surface.vtk,-1
/Volumes/KINGSTON/summerschool/challenge_data/test/surfaces/sample_0084_surface.vtk,-1
/Volumes/KINGSTON/summerschool/challenge_data/test/surfaces/sample_0086_surface.vtk,-1
/Volumes/KINGSTON/summerschool/challenge_data/test/surfaces/sample_0088_surface.vtk,-1
/Volumes/KINGSTON/summerschool/challenge_data/test/surfaces/sample_0090_surface.vtk,1
/Volumes/KINGSTON/summerschool/challenge_data/test/surfaces/sample_0091_surface.vtk,1
/Volumes/KINGSTON/summerschool/challenge_data/test/surfaces/sample_0092_surface.vtk,1
/Volumes/KINGSTON/summerschool/challenge_data/test/surfaces/sample_0093_surface.vtk,-1
/Volumes/KINGSTON/summerschool/challenge_data/test/surfaces/sample_0094_surface.vtk,-1
/Volumes/KINGSTON/summerschool/challenge_data/test/surfaces/sample_0095_surface.vtk,-1
/Volumes/KINGSTON/summerschool/challenge_data/test/surfaces/sample_0099_surface.vtk,-1
/Volumes/KINGSTON/summerschool/challenge_data/test/surfaces/sample_0100_surface.vtk,1
/Volumes/KINGSTON/summerschool/challenge_data/test/surfaces/sample_0102_surface.vtk,1
/Volumes/KINGSTON/summerschool/challenge_data/test/surfaces/sample_0105_surface.vtk,-1
/Volumes/KINGSTON/summerschool/challenge_data/test/surfaces/sample_0106_surface.vtk,1
/Volumes/KINGSTON/summerschool/challenge_data/test/surfaces/sample_0107_surface.vtk,1
/Volumes/KINGSTON/summerschool/challenge_data/test/surfaces/sample_0114_surface.vtk,1
/Volumes/KINGSTON/summerschool/challenge_data/test/surfaces/sample_0115_surface.vtk,-1
/Volumes/KINGSTON/summerschool/challenge_data/test/surfaces/sample_0116_surface.vtk,1
/Volumes/KINGSTON/summerschool/challenge_data/test/surfaces/sample_0119_surface.vtk,-1
/Volumes/KINGSTON/summerschool/challenge_data/test/surfaces/sample_0120_surface.vtk,-1
/Volumes/KINGSTON/summerschool/challenge_data/test/surfaces/sample_0122_surface.vtk,1
/Volumes/KINGSTON/summerschool/challenge_data/test/surfaces/sample_0124_surface.vtk,-1
/Volumes/KINGSTON/summerschool/challenge_data/test/surfaces/sample_0125_surface.vtk,1
/Volumes/KINGSTON/summerschool/challenge_data/test/surfaces/sample_0126_surface.vtk,1
/Volumes/KINGSTON/summerschool/challenge_data/test/surfaces/sample_0127_surface.vtk,-1
/Volumes/KINGSTON/summerschool/challenge_data/test/surfaces/sample_0128_surface.vtk,-1
/Volumes/KINGSTON/summerschool/challenge_data/test/surfaces/sample_0130_surface.vtk,1
/Volumes/KINGSTON/summerschool/challenge_data/test/surfaces/sample_0132_surface.vtk,1
/Volumes/KINGSTON/summerschool/challenge_data/test/surfaces/sample_0137_surface.vtk,-1
/Volumes/KINGSTON/summerschool/challenge_data/test/surfaces/sample_0140_surface.vtk,1
/Volumes/KINGSTON/summerschool/challenge_data/test/surfaces/sample_0142_surface.vtk,-1
/Volumes/KINGSTON/summerschool/challenge_data/test/surfaces/sample_0143_surface.vtk,1
/Volumes/KINGSTON/summerschool/challenge_data/test/surfaces/sample_0145_surface.vtk,1
/Volumes/KINGSTON/summerschool/challenge_data/test/surfaces/sample_0147_surface.vtk,1
/Volumes/KINGSTON/summerschool/challenge_data/test/surfaces/sample_0148_surface.vtk,-1
/Volumes/KINGSTON/summerschool/challenge_data/test/surfaces/sample_0150_surface.vtk,1
/Volumes/KINGSTON/summerschool/challenge_data/test/surfaces/sample_0153_surface.vtk,-1
/Volumes/KINGSTON/summerschool/challenge_data/test/surfaces/sample_0156_surface.vtk,1
/Volumes/KINGSTON/summerschool/challenge_data/test/surfaces/sample_0157_surface.vtk,1
/Volumes/KINGSTON/summerschool/challenge_data/test/surfaces/sample_0158_surface.vtk,-1
/Volumes/KINGSTON/summerschool/challenge_data/test/surfaces/sample_0159_surface.vtk,-1
/Volumes/KINGSTON/summerschool/challenge_data/test/surfaces/sample_0161_surface.vtk,1
/Volumes/KINGSTON/summerschool/challenge_data/test/surfaces/sample_0164_surface.vtk,1
/Volumes/KINGSTON/summerschool/challenge_data/test/surfaces/sample_0166_surface.vtk,1
/Volumes/KINGSTON/summerschool/challenge_data/test/surfaces/sample_0167_surface.vtk,1
/Volumes/KINGSTON/summerschool/challenge_data/test/surfaces/sample_0168_surface.vtk,1
/Volumes/KINGSTON/summerschool/challenge_data/test/surfaces/sample_0171_surface.vtk,-1
/Volumes/KINGSTON/summerschool/challenge_data/test/surfaces/sample_0172_surface.vtk,1
/Volumes/KINGSTON/summerschool/challenge_data/test/surfaces/sample_0173_surface.vtk,1
/Volumes/KINGSTON/summerschool/challenge_data/test/surfaces/sample_0177_surface.vtk,1
/Volumes/KINGSTON/summerschool/challenge_data/test/surfaces/sample_0179_surface.vtk,1
/Volumes/KINGSTON/summerschool/challenge_data/test/surfaces/sample_0180_surface.vtk,1
/Volumes/KINGSTON/summerschool/challenge_data/test/surfaces/sample_0181_surface.vtk,1
/Volumes/KINGSTON/summerschool/challenge_data/test/surfaces/sample_0182_surface.vtk,1
/Volumes/KINGSTON/summerschool/challenge_data/test/surfaces/sample_0184_surface.vtk,1
/Volumes/KINGSTON/summerschool/challenge_data/test/surfaces/sample_0185_surface.vtk,1
/Volumes/KINGSTON/summerschool/challenge_data/test/surfaces/sample_0187_surface.vtk,-1
/Volumes/KINGSTON/summerschool/challenge_data/test/surfaces/sample_0188_surface.vtk,1
/Volumes/KINGSTON/summerschool/challenge_data/test/surfaces/sample_0190_surface.vtk,1
/Volumes/KINGSTON/summerschool/challenge_data/test/surfaces/sample_0191_surface.vtk,1
/Volumes/KINGSTON/summerschool/challenge_data/test/surfaces/sample_0192_surface.vtk,1
/Volumes/KINGSTON/summerschool/challenge_data/test/surfaces/sample_0197_surface.vtk,1
/Volumes/KINGSTON/summerschool/challenge_data/test/surfaces/sample_0199_surface.vtk,1
/Volumes/KINGSTON/summerschool/challenge_data/test/surfaces/sample_0200_surface.vtk,1
/Volumes/KINGSTON/summerschool/challenge_data/test/surfaces/sample_0201_surface.vtk,-1
/Volumes/KINGSTON/summerschool/challenge_data/test/surfaces/sample_0203_surface.vtk,1
/Volumes/KINGSTON/summerschool/challenge_data/test/surfaces/sample_0204_surface.vtk,1
/Volumes/KINGSTON/summerschool/challenge_data/test/surfaces/sample_0211_surface.vtk,1
/Volumes/KINGSTON/summerschool/challenge_data/test/surfaces/sample_0220_surface.vtk,1
/Volumes/KINGSTON/summerschool/challenge_data/test/surfaces/sample_0221_surface.vtk,1
/Volumes/KINGSTON/summerschool/challenge_data/test/surfaces/sample_0223_surface.vtk,-1
/Volumes/KINGSTON/summerschool/challenge_data/test/surfaces/sample_0225_surface.vtk,1
/Volumes/KINGSTON/summerschool/challenge_data/test/surfaces/sample_0226_surface.vtk,1
/Volumes/KINGSTON/summerschool/challenge_data/test/surfaces/sample_0229_surface.vtk,1
/Volumes/KINGSTON/summerschool/challenge_data/test/surfaces/sample_0230_surface.vtk,-1
/Volumes/KINGSTON/summerschool/challenge_data/test/surfaces/sample_0235_surface.vtk,1
/Volumes/KINGSTON/summerschool/challenge_data/test/surfaces/sample_0237_surface.vtk,1
/Volumes/KINGSTON/summerschool/challenge_data/test/surfaces/sample_0239_surface.vtk,1
/Volumes/KINGSTON/summerschool/challenge_data/test/surfaces/sample_0240_surface.vtk,1
/Volumes/KINGSTON/summerschool/challenge_data/test/surfaces/sample_0246_surface.vtk,1
/Volumes/KINGSTON/summerschool/challenge_data/test/surfaces/sample_0248_surface.vtk,1
/Volumes/KINGSTON/summerschool/challenge_data/test/surfaces/sample_0250_surface.vtk,-1
/Volumes/KINGSTON/summerschool/challenge_data/test/surfaces/sample_0251_surface.vtk,-1
/Volumes/KINGSTON/summerschool/challenge_data/test/surfaces/sample_0253_surface.vtk,1
/Volumes/KINGSTON/summerschool/challenge_data/test/surfaces/sample_0255_surface.vtk,1
/Volumes/KINGSTON/summerschool/challenge_data/test/surfaces/sample_0256_surface.vtk,-1
/Volumes/KINGSTON/summerschool/challenge_data/test/surfaces/sample_0257_surface.vtk,1
/Volumes/KINGSTON/summerschool/challenge_data/test/surfaces/sample_0259_surface.vtk,1
/Volumes/KINGSTON/summerschool/challenge_data/test/surfaces/sample_0260_surface.vtk,1
/Volumes/KINGSTON/summerschool/challenge_data/test/surfaces/sample_0261_surface.vtk,1
/Volumes/KINGSTON/summerschool/challenge_data/test/surfaces/sample_0263_surface.vtk,-1
/Volumes/KINGSTON/summerschool/challenge_data/test/surfaces/sample_0269_surface.vtk,-1
/Volumes/KINGSTON/summerschool/challenge_data/test/surfaces/sample_0271_surface.vtk,-1
/Volumes/KINGSTON/summerschool/challenge_data/test/surfaces/sample_0273_surface.vtk,-1
/Volumes/KINGSTON/summerschool/challenge_data/test/surfaces/sample_0275_surface.vtk,1
/Volumes/KINGSTON/summerschool/challenge_data/test/surfaces/sample_0277_surface.vtk,1
/Volumes/KINGSTON/summerschool/challenge_data/test/surfaces/sample_0278_surface.vtk,1
/Volumes/KINGSTON/summerschool/challenge_data/test/surfaces/sample_0281_surface.vtk,1
/Volumes/KINGSTON/summerschool/challenge_data/test/surfaces/sample_0284_surface.vtk,1
/Volumes/KINGSTON/summerschool/challenge_data/test/surfaces/sample_0285_surface.vtk,1
/Volumes/KINGSTON/summerschool/challenge_data/test/surfaces/sample_0287_surface.vtk,1
/Volumes/KINGSTON/summerschool/challenge_data/test/surfaces/sample_0288_surface.vtk,1
/Volumes/KINGSTON/summerschool/challenge_data/test/surfaces/sample_0289_surface.vtk,-1
/Volumes/KINGSTON/summerschool/challenge_data/test/surfaces/sample_0290_surface.vtk,1
/Volumes/KINGSTON/summerschool/challenge_data/test/surfaces/sample_0291_surface.vtk,1
/Volumes/KINGSTON/summerschool/challenge_data/test/surfaces/sample_0293_surface.vtk,1
/Volumes/KINGSTON/summerschool/challenge_data/test/surfaces/sample_0294_surface.vtk,-1
/Volumes/KINGSTON/summerschool/challenge_data/test/surfaces/sample_0297_surface.vtk,1
/Volumes/KINGSTON/summerschool/challenge_data/test/surfaces/sample_0298_surface.vtk,-1
/Volumes/KINGSTON/summerschool/challenge_data/test/surfaces/sample_0299_surface.vtk,-1
/Volumes/KINGSTON/summerschool/challenge_data/test/surfaces/sample_0300_surface.vtk,1
/Volumes/KINGSTON/summerschool/challenge_data/test/surfaces/sample_0302_surface.vtk,-1
/Volumes/KINGSTON/summerschool/challenge_data/test/surfaces/sample_0304_surface.vtk,1
/Volumes/KINGSTON/summerschool/challenge_data/test/surfaces/sample_0306_surface.vtk,1
/Volumes/KINGSTON/summerschool/challenge_data/test/surfaces/sample_0307_surface.vtk,1
/Volumes/KINGSTON/summerschool/challenge_data/test/surfaces/sample_0308_surface.vtk,1
/Volumes/KINGSTON/summerschool/challenge_data/test/surfaces/sample_0309_surface.vtk,1
/Volumes/KINGSTON/summerschool/challenge_data/test/surfaces/sample_0312_surface.vtk,-1
/Volumes/KINGSTON/summerschool/challenge_data/test/surfaces/sample_0313_surface.vtk,-1
/Volumes/KINGSTON/summerschool/challenge_data/test/surfaces/sample_0316_surface.vtk,-1
/Volumes/KINGSTON/summerschool/challenge_data/test/surfaces/sample_0318_surface.vtk,1
/Volumes/KINGSTON/summerschool/challenge_data/test/surfaces/sample_0322_surface.vtk,1
/Volumes/KINGSTON/summerschool/challenge_data/test/surfaces/sample_0324_surface.vtk,1
/Volumes/KINGSTON/summerschool/challenge_data/test/surfaces/sample_0325_surface.vtk,1
/Volumes/KINGSTON/summerschool/challenge_data/test/surfaces/sample_0329_surface.vtk,-1
/Volumes/KINGSTON/summerschool/challenge_data/test/surfaces/sample_0330_surface.vtk,1
/Volumes/KINGSTON/summerschool/challenge_data/test/surfaces/sample_0331_surface.vtk,1
/Volumes/KINGSTON/summerschool/challenge_data/test/surfaces/sample_0332_surface.vtk,1
/Volumes/KINGSTON/summerschool/challenge_data/test/surfaces/sample_0333_surface.vtk,1
/Volumes/KINGSTON/summerschool/challenge_data/test/surfaces/sample_0336_surface.vtk,-1
/Volumes/KINGSTON/summerschool/challenge_data/test/surfaces/sample_0338_surface.vtk,-1
/Volumes/KINGSTON/summerschool/challenge_data/test/surfaces/sample_0341_surface.vtk,1
/Volumes/KINGSTON/summerschool/challenge_data/test/surfaces/sample_0342_surface.vtk,1
/Volumes/KINGSTON/summerschool/challenge_data/test/surfaces/sample_0343_surface.vtk,1
/Volumes/KINGSTON/summerschool/challenge_data/test/surfaces/sample_0344_surface.vtk,1
/Volumes/KINGSTON/summerschool/challenge_data/test/surfaces/sample_0345_surface.vtk,-1
/Volumes/KINGSTON/summerschool/challenge_data/test/surfaces/sample_0346_surface.vtk,1
/Volumes/KINGSTON/summerschool/challenge_data/test/surfaces/sample_0348_surface.vtk,1
/Volumes/KINGSTON/summerschool/challenge_data/test/surfaces/sample_0353_surface.vtk,1
/Volumes/KINGSTON/summerschool/challenge_data/test/surfaces/sample_0354_surface.vtk,-1
/Volumes/KINGSTON/summerschool/challenge_data/test/surfaces/sample_0357_surface.vtk,1
/Volumes/KINGSTON/summerschool/challenge_data/test/surfaces/sample_0360_surface.vtk,1
/Volumes/KINGSTON/summerschool/challenge_data/test/surfaces/sample_0361_surface.vtk,1
/Volumes/KINGSTON/summerschool/challenge_data/test/surfaces/sample_0363_surface.vtk,1
/Volumes/KINGSTON/summerschool/challenge_data/test/surfaces/sample_0364_surface.vtk,-1
/Volumes/KINGSTON/summerschool/challenge_data/test/surfaces/sample_0366_surface.vtk,1
/Volumes/KINGSTON/summerschool/challenge_data/test/surfaces/sample_0369_surface.vtk,-1
/Volumes/KINGSTON/summerschool/challenge_data/test/surfaces/sample_0372_surface.vtk,1
/Volumes/KINGSTON/summerschool/challenge_data/test/surfaces/sample_0376_surface.vtk,1
/Volumes/KINGSTON/summerschool/challenge_data/test/surfaces/sample_0377_surface.vtk,1
/Volumes/KINGSTON/summerschool/challenge_data/test/surfaces/sample_0379_surface.vtk,-1
/Volumes/KINGSTON/summerschool/challenge_data/test/surfaces/sample_0380_surface.vtk,1
/Volumes/KINGSTON/summerschool/challenge_data/test/surfaces/sample_0381_surface.vtk,1
/Volumes/KINGSTON/summerschool/challenge_data/test/surfaces/sample_0383_surface.vtk,1
/Volumes/KINGSTON/summerschool/challenge_data/test/surfaces/sample_0386_surface.vtk,1
/Volumes/KINGSTON/summerschool/challenge_data/test/surfaces/sample_0387_surface.vtk,1
/Volumes/KINGSTON/summerschool/challenge_data/test/surfaces/sample_0389_surface.vtk,1
/Volumes/KINGSTON/summerschool/challenge_data/test/surfaces/sample_0390_surface.vtk,-1
/Volumes/KINGSTON/summerschool/challenge_data/test/surfaces/sample_0392_surface.vtk,1
/Volumes/KINGSTON/summerschool/challenge_data/test/surfaces/sample_0394_surface.vtk,1
/Volumes/KINGSTON/summerschool/challenge_data/test/surfaces/sample_0395_surface.vtk,-1
/Volumes/KINGSTON/summerschool/challenge_data/test/surfaces/sample_0396_surface.vtk,-1
/Volumes/KINGSTON/summerschool/challenge_data/test/surfaces/sample_0398_surface.vtk,-1
/Volumes/KINGSTON/summerschool/challenge_data/test/surfaces/sample_0402_surface.vtk,1
/Volumes/KINGSTON/summerschool/challenge_data/test/surfaces/sample_0403_surface.vtk,1
/Volumes/KINGSTON/summerschool/challenge_data/test/surfaces/sample_0406_surface.vtk,1
/Volumes/KINGSTON/summerschool/challenge_data/test/surfaces/sample_0408_surface.vtk,-1
/Volumes/KINGSTON/summerschool/challenge_data/test/surfaces/sample_0410_surface.vtk,1
/Volumes/KINGSTON/summerschool/challenge_data/test/surfaces/sample_0411_surface.vtk,1
/Volumes/KINGSTON/summerschool/challenge_data/test/surfaces/sample_0414_surface.vtk,-1
/Volumes/KINGSTON/summerschool/challenge_data/test/surfaces/sample_0415_surface.vtk,1
/Volumes/KINGSTON/summerschool/challenge_data/test/surfaces/sample_0418_surface.vtk,-1
/Volumes/KINGSTON/summerschool/challenge_data/test/surfaces/sample_0421_surface.vtk,-1
/Volumes/KINGSTON/summerschool/challenge_data/test/surfaces/sample_0422_surface.vtk,-1
/Volumes/KINGSTON/summerschool/challenge_data/test/surfaces/sample_0428_surface.vtk,-1
/Volumes/KINGSTON/summerschool/challenge_data/test/surfaces/sample_0431_surface.vtk,-1
/Volumes/KINGSTON/summerschool/challenge_data/test/surfaces/sample_0433_surface.vtk,-1
/Volumes/KINGSTON/summerschool/challenge_data/test/surfaces/sample_0436_surface.vtk,-1
/Volumes/KINGSTON/summerschool/challenge_data/test/surfaces/sample_0437_surface.vtk,-1
/Volumes/KINGSTON/summerschool/challenge_data/test/surfaces/sample_0438_surface.vtk,1
/Volumes/KINGSTON/summerschool/challenge_data/test/surfaces/sample_0440_surface.vtk,-1
/Volumes/KINGSTON/summerschool/challenge_data/test/surfaces/sample_0441_surface.vtk,1
/Volumes/KINGSTON/summerschool/challenge_data/test/surfaces/sample_0442_surface.vtk,1
/Volumes/KINGSTON/summerschool/challenge_data/test/surfaces/sample_0443_surface.vtk,1
/Volumes/KINGSTON/summerschool/challenge_data/test/surfaces/sample_0446_surface.vtk,1
/Volumes/KINGSTON/summerschool/challenge_data/test/surfaces/sample_0448_surface.vtk,1
/Volumes/KINGSTON/summerschool/challenge_data/test/surfaces/sample_0449_surface.vtk,1
/Volumes/KINGSTON/summerschool/challenge_data/test/surfaces/sample_0450_surface.vtk,-1
/Volumes/KINGSTON/summerschool/challenge_data/test/surfaces/sample_0452_surface.vtk,1
/Volumes/KINGSTON/summerschool/challenge_data/test/surfaces/sample_0453_surface.vtk,1
/Volumes/KINGSTON/summerschool/challenge_data/test/surfaces/sample_0454_surface.vtk,1
/Volumes/KINGSTON/summerschool/challenge_data/test/surfaces/sample_0455_surface.vtk,1
/Volumes/KINGSTON/summerschool/challenge_data/test/surfaces/sample_0456_surface.vtk,1
/Volumes/KINGSTON/summerschool/challenge_data/test/surfaces/sample_0457_surface.vtk,-1
/Volumes/KINGSTON/summerschool/challenge_data/test/surfaces/sample_0458_surface.vtk,-1
/Volumes/KINGSTON/summerschool/challenge_data/test/surfaces/sample_0459_surface.vtk,1
/Volumes/KINGSTON/summerschool/challenge_data/test/surfaces/sample_0461_surface.vtk,1
/Volumes/KINGSTON/summerschool/challenge_data/test/surfaces/sample_0462_surface.vtk,-1
/Volumes/KINGSTON/summerschool/challenge_data/test/surfaces/sample_0463_surface.vtk,1
/Volumes/KINGSTON/summerschool/challenge_data/test/surfaces/sample_0465_surface.vtk,1
/Volumes/KINGSTON/summerschool/challenge_data/test/surfaces/sample_0467_surface.vtk,1
/Volumes/KINGSTON/summerschool/challenge_data/test/surfaces/sample_0472_surface.vtk,-1
/Volumes/KINGSTON/summerschool/challenge_data/test/surfaces/sample_0474_surface.vtk,1
/Volumes/KINGSTON/summerschool/challenge_data/test/surfaces/sample_0475_surface.vtk,-1
/Volumes/KINGSTON/summerschool/challenge_data/test/surfaces/sample_0476_surface.vtk,-1
/Volumes/KINGSTON/summerschool/challenge_data/test/surfaces/sample_0477_surface.vtk,-1
/Volumes/KINGSTON/summerschool/challenge_data/test/surfaces/sample_0479_surface.vtk,1
/Volumes/KINGSTON/summerschool/challenge_data/test/surfaces/sample_0480_surface.vtk,1
/Volumes/KINGSTON/summerschool/challenge_data/test/surfaces/sample_0484_surface.vtk,-1
/Volumes/KINGSTON/summerschool/challenge_data/test/surfaces/sample_0487_surface.vtk,1
/Volumes/KINGSTON/summerschool/challenge_data/test/surfaces/sample_0489_surface.vtk,1
/Volumes/KINGSTON/summerschool/challenge_data/test/surfaces/sample_0490_surface.vtk,1
/Volumes/KINGSTON/summerschool/challenge_data/test/surfaces/sample_0494_surface.vtk,1
/Volumes/KINGSTON/summerschool/challenge_data/test/surfaces/sample_0498_surface.vtk,-1
/Volumes/KINGSTON/summerschool/challenge_data/test/surfaces/sample_0503_surface.vtk,1
/Volumes/KINGSTON/summerschool/challenge_data/test/surfaces/sample_0508_surface.vtk,-1
/Volumes/KINGSTON/summerschool/challenge_data/test/surfaces/sample_0510_surface.vtk,1
/Volumes/KINGSTON/summerschool/challenge_data/test/surfaces/sample_0511_surface.vtk,1
/Volumes/KINGSTON/summerschool/challenge_data/test/surfaces/sample_0514_surface.vtk,1
/Volumes/KINGSTON/summerschool/challenge_data/test/surfaces/sample_0516_surface.vtk,1
/Volumes/KINGSTON/summerschool/challenge_data/test/surfaces/sample_0519_surface.vtk,1
/Volumes/KINGSTON/summerschool/challenge_data/test/surfaces/sample_0520_surface.vtk,1
/Volumes/KINGSTON/summerschool/challenge_data/test/surfaces/sample_0522_surface.vtk,1
/Volumes/KINGSTON/summerschool/challenge_data/test/surfaces/sample_0523_surface.vtk,1
/Volumes/KINGSTON/summerschool/challenge_data/test/surfaces/sample_0527_surface.vtk,1
/Volumes/KINGSTON/summerschool/challenge_data/test/surfaces/sample_0531_surface.vtk,1
/Volumes/KINGSTON/summerschool/challenge_data/test/surfaces/sample_0532_surface.vtk,-1
/Volumes/KINGSTON/summerschool/challenge_data/test/surfaces/sample_0534_surface.vtk,-1
/Volumes/KINGSTON/summerschool/challenge_data/test/surfaces/sample_0535_surface.vtk,1
/Volumes/KINGSTON/summerschool/challenge_data/test/surfaces/sample_0536_surface.vtk,1
/Volumes/KINGSTON/summerschool/challenge_data/test/surfaces/sample_0538_surface.vtk,1
/Volumes/KINGSTON/summerschool/challenge_data/test/surfaces/sample_0544_surface.vtk,1
/Volumes/KINGSTON/summerschool/challenge_data/test/surfaces/sample_0545_surface.vtk,1
/Volumes/KINGSTON/summerschool/challenge_data/test/surfaces/sample_0546_surface.vtk,1
/Volumes/KINGSTON/summerschool/challenge_data/test/surfaces/sample_0548_surface.vtk,1
/Volumes/KINGSTON/summerschool/challenge_data/test/surfaces/sample_0550_surface.vtk,1
/Volumes/KINGSTON/summerschool/challenge_data/test/surfaces/sample_0551_surface.vtk,-1
/Volumes/KINGSTON/summerschool/challenge_data/test/surfaces/sample_0552_surface.vtk,-1
/Volumes/KINGSTON/summerschool/challenge_data/test/surfaces/sample_0553_surface.vtk,1
/Volumes/KINGSTON/summerschool/challenge_data/test/surfaces/sample_0554_surface.vtk,1
/Volumes/KINGSTON/summerschool/challenge_data/test/surfaces/sample_0555_surface.vtk,-1
/Volumes/KINGSTON/summerschool/challenge_data/test/surfaces/sample_0556_surface.vtk,-1
/Volumes/KINGSTON/summerschool/challenge_data/test/surfaces/sample_0557_surface.vtk,-1
/Volumes/KINGSTON/summerschool/challenge_data/test/surfaces/sample_0558_surface.vtk,1
/Volumes/KINGSTON/summerschool/challenge_data/test/surfaces/sample_0559_surface.vtk,1
/Volumes/KINGSTON/summerschool/challenge_data/test/surfaces/sample_0562_surface.vtk,-1
/Volumes/KINGSTON/summerschool/challenge_data/test/surfaces/sample_0564_surface.vtk,-1
/Volumes/KINGSTON/summerschool/challenge_data/test/surfaces/sample_0566_surface.vtk,1
/Volumes/KINGSTON/summerschool/challenge_data/test/surfaces/sample_0568_surface.vtk,1
/Volumes/KINGSTON/summerschool/challenge_data/test/surfaces/sample_0569_surface.vtk,1
/Volumes/KINGSTON/summerschool/challenge_data/test/surfaces/sample_0570_surface.vtk,-1
/Volumes/KINGSTON/summerschool/challenge_data/test/surfaces/sample_0573_surface.vtk,-1
/Volumes/KINGSTON/summerschool/challenge_data/test/surfaces/sample_0574_surface.vtk,1
/Volumes/KINGSTON/summerschool/challenge_data/test/surfaces/sample_0576_surface.vtk,1
/Volumes/KINGSTON/summerschool/challenge_data/test/surfaces/sample_0579_surface.vtk,1
/Volumes/KINGSTON/summerschool/challenge_data/test/surfaces/sample_0580_surface.vtk,1
/Volumes/KINGSTON/summerschool/challenge_data/test/surfaces/sample_0581_surface.vtk,1
/Volumes/KINGSTON/summerschool/challenge_data/test/surfaces/sample_0582_surface.vtk,1
/Volumes/KINGSTON/summerschool/challenge_data/test/surfaces/sample_0584_surface.vtk,-1
/Volumes/KINGSTON/summerschool/challenge_data/test/surfaces/sample_0588_surface.vtk,1
/Volumes/KINGSTON/summerschool/challenge_data/test/surfaces/sample_0590_surface.vtk,1
/Volumes/KINGSTON/summerschool/challenge_data/test/surfaces/sample_0593_surface.vtk,1
/Volumes/KINGSTON/summerschool/challenge_data/test/surfaces/sample_0594_surface.vtk,-1
/Volumes/KINGSTON/summerschool/challenge_data/test/surfaces/sample_0596_surface.vtk,1
/Volumes/KINGSTON/summerschool/challenge_data/test/surfaces/sample_0599_surface.vtk,-1
/Volumes/KINGSTON/summerschool/challenge_data/test/surfaces/sample_0604_surface.vtk,1
/Volumes/KINGSTON/summerschool/challenge_data/test/surfaces/sample_0605_surface.vtk,-1
/Volumes/KINGSTON/summerschool/challenge_data/test/surfaces/sample_0608_surface.vtk,1
/Volumes/KINGSTON/summerschool/challenge_data/test/surfaces/sample_0611_surface.vtk,1
/Volumes/KINGSTON/summerschool/challenge_data/test/surfaces/sample_0615_surface.vtk,-1
/Volumes/KINGSTON/summerschool/challenge_data/test/surfaces/sample_0617_surface.vtk,1
/Volumes/KINGSTON/summerschool/challenge_data/test/surfaces/sample_0620_surface.vtk,1
/Volumes/KINGSTON/summerschool/challenge_data/test/surfaces/sample_0621_surface.vtk,1
/Volumes/KINGSTON/summerschool/challenge_data/test/surfaces/sample_0623_surface.vtk,1
/Volumes/KINGSTON/summerschool/challenge_data/test/surfaces/sample_0625_surface.vtk,1
/Volumes/KINGSTON/summerschool/challenge_data/test/surfaces/sample_0627_surface.vtk,1
/Volumes/KINGSTON/summerschool/challenge_data/test/surfaces/sample_0630_surface.vtk,1
/Volumes/KINGSTON/summerschool/challenge_data/test/surfaces/sample_0631_surface.vtk,1
/Volumes/KINGSTON/summerschool/challenge_data/test/surfaces/sample_0636_surface.vtk,1
/Volumes/KINGSTON/summerschool/challenge_data/test/surfaces/sample_0637_surface.vtk,1
/Volumes/KINGSTON/summerschool/challenge_data/test/surfaces/sample_0638_surface.vtk,1
/Volumes/KINGSTON/summerschool/challenge_data/test/surfaces/sample_0639_surface.vtk,1
/Volumes/KINGSTON/summerschool/challenge_data/test/surfaces/sample_0640_surface.vtk,1
/Volumes/KINGSTON/summerschool/challenge_data/test/surfaces/sample_0641_surface.vtk,1
/Volumes/KINGSTON/summerschool/challenge_data/test/surfaces/sample_0642_surface.vtk,1
/Volumes/KINGSTON/summerschool/challenge_data/test/surfaces/sample_0643_surface.vtk,-1
/Volumes/KINGSTON/summerschool/challenge_data/test/surfaces/sample_0644_surface.vtk,-1
/Volumes/KINGSTON/summerschool/challenge_data/test/surfaces/sample_0649_surface.vtk,1
/Volumes/KINGSTON/summerschool/challenge_data/test/surfaces/sample_0650_surface.vtk,1
/Volumes/KINGSTON/summerschool/challenge_data/test/surfaces/sample_0651_surface.vtk,1
/Volumes/KINGSTON/summerschool/challenge_data/test/surfaces/sample_0654_surface.vtk,-1
/Volumes/KINGSTON/summerschool/challenge_data/test/surfaces/sample_0655_surface.vtk,1
/Volumes/KINGSTON/summerschool/challenge_data/test/surfaces/sample_0657_surface.vtk,1
/Volumes/KINGSTON/summerschool/challenge_data/test/surfaces/sample_0660_surface.vtk,1
/Volumes/KINGSTON/summerschool/challenge_data/test/surfaces/sample_0662_surface.vtk,1
/Volumes/KINGSTON/summerschool/challenge_data/test/surfaces/sample_0664_surface.vtk,1
/Volumes/KINGSTON/summerschool/challenge_data/test/surfaces/sample_0666_surface.vtk,-1
/Volumes/KINGSTON/summerschool/challenge_data/test/surfaces/sample_0667_surface.vtk,1
/Volumes/KINGSTON/summerschool/challenge_data/test/surfaces/sample_0669_surface.vtk,1
/Volumes/KINGSTON/summerschool/challenge_data/test/surfaces/sample_0672_surface.vtk,-1
/Volumes/KINGSTON/summerschool/challenge_data/test/surfaces/sample_0673_surface.vtk,1
/Volumes/KINGSTON/summerschool/challenge_data/test/surfaces/sample_0674_surface.vtk,1
/Volumes/KINGSTON/summerschool/challenge_data/test/surfaces/sample_0675_surface.vtk,1
/Volumes/KINGSTON/summerschool/challenge_data/test/surfaces/sample_0676_surface.vtk,1
/Volumes/KINGSTON/summerschool/challenge_data/test/surfaces/sample_0678_surface.vtk,1
/Volumes/KINGSTON/summerschool/challenge_data/test/surfaces/sample_0679_surface.vtk,1
/Volumes/KINGSTON/summerschool/challenge_data/test/surfaces/sample_0680_surface.vtk,1
/Volumes/KINGSTON/summerschool/challenge_data/test/surfaces/sample_0681_surface.vtk,1
/Volumes/KINGSTON/summerschool/challenge_data/test/surfaces/sample_0682_surface.vtk,1
/Volumes/KINGSTON/summerschool/challenge_data/test/surfaces/sample_0683_surface.vtk,-1
/Volumes/KINGSTON/summerschool/challenge_data/test/surfaces/sample_0689_surface.vtk,1
/Volumes/KINGSTON/summerschool/challenge_data/test/surfaces/sample_0691_surface.vtk,1
/Volumes/KINGSTON/summerschool/challenge_data/test/surfaces/sample_0693_surface.vtk,1
/Volumes/KINGSTON/summerschool/challenge_data/test/surfaces/sample_0697_surface.vtk,1
/Volumes/KINGSTON/summerschool/challenge_data/test/surfaces/sample_0698_surface.vtk,-1
/Volumes/KINGSTON/summerschool/challenge_data/test/surfaces/sample_0702_surface.vtk,1
/Volumes/KINGSTON/summerschool/challenge_data/test/surfaces/sample_0703_surface.vtk,-1
/Volumes/KINGSTON/summerschool/challenge_data/test/surfaces/sample_0705_surface.vtk,-1
/Volumes/KINGSTON/summerschool/challenge_data/test/surfaces/sample_0706_surface.vtk,1
/Volumes/KINGSTON/summerschool/challenge_data/test/surfaces/sample_0707_surface.vtk,1
/Volumes/KINGSTON/summerschool/challenge_data/test/surfaces/sample_0709_surface.vtk,-1
/Volumes/KINGSTON/summerschool/challenge_data/test/surfaces/sample_0710_surface.vtk,1
/Volumes/KINGSTON/summerschool/challenge_data/test/surfaces/sample_0713_surface.vtk,-1
/Volumes/KINGSTON/summerschool/challenge_data/test/surfaces/sample_0719_surface.vtk,-1
/Volumes/KINGSTON/summerschool/challenge_data/test/surfaces/sample_0720_surface.vtk,-1
/Volumes/KINGSTON/summerschool/challenge_data/test/surfaces/sample_0723_surface.vtk,-1
/Volumes/KINGSTON/summerschool/challenge_data/test/surfaces/sample_0724_surface.vtk,1
/Volumes/KINGSTON/summerschool/challenge_data/test/surfaces/sample_0725_surface.vtk,1
/Volumes/KINGSTON/summerschool/challenge_data/test/surfaces/sample_0729_surface.vtk,1
/Volumes/KINGSTON/summerschool/challenge_data/test/surfaces/sample_0730_surface.vtk,-1
/Volumes/KINGSTON/summerschool/challenge_data/test/surfaces/sample_0733_surface.vtk,-1
/Volumes/KINGSTON/summerschool/challenge_data/test/surfaces/sample_0737_surface.vtk,1
/Volumes/KINGSTON/summerschool/challenge_data/test/surfaces/sample_0738_surface.vtk,1
/Volumes/KINGSTON/summerschool/challenge_data/test/surfaces/sample_0739_surface.vtk,1
/Volumes/KINGSTON/summerschool/challenge_data/test/surfaces/sample_0741_surface.vtk,-1
/Volumes/KINGSTON/summerschool/challenge_data/test/surfaces/sample_0742_surface.vtk,1
/Volumes/KINGSTON/summerschool/challenge_data/test/surfaces/sample_0745_surface.vtk,-1
/Volumes/KINGSTON/summerschool/challenge_data/test/surfaces/sample_0746_surface.vtk,1
/Volumes/KINGSTON/summerschool/challenge_data/test/surfaces/sample_0747_surface.vtk,1
/Volumes/KINGSTON/summerschool/challenge_data/test/surfaces/sample_0748_surface.vtk,1
/Volumes/KINGSTON/summerschool/challenge_data/test/surfaces/sample_0750_surface.vtk,1
/Volumes/KINGSTON/summerschool/challenge_data/test/surfaces/sample_0755_surface.vtk,-1
/Volumes/KINGSTON/summerschool/challenge_data/test/surfaces/sample_0757_surface.vtk,1
/Volumes/KINGSTON/summerschool/challenge_data/test/surfaces/sample_0763_surface.vtk,-1
/Volumes/KINGSTON/summerschool/challenge_data/test/surfaces/sample_0764_surface.vtk,1
/Volumes/KINGSTON/summerschool/challenge_data/test/surfaces/sample_0765_surface.vtk,-1
/Volumes/KINGSTON/summerschool/challenge_data/test/surfaces/sample_0766_surface.vtk,-1
/Volumes/KINGSTON/summerschool/challenge_data/test/surfaces/sample_0768_surface.vtk,-1
/Volumes/KINGSTON/summerschool/challenge_data/test/surfaces/sample_0771_surface.vtk,-1
/Volumes/KINGSTON/summerschool/challenge_data/test/surfaces/sample_0775_surface.vtk,-1
/Volumes/KINGSTON/summerschool/challenge_data/test/surfaces/sample_0776_surface.vtk,1
/Volumes/KINGSTON/summerschool/challenge_data/test/surfaces/sample_0777_surface.vtk,-1
/Volumes/KINGSTON/summerschool/challenge_data/test/surfaces/sample_0779_surface.vtk,-1
/Volumes/KINGSTON/summerschool/challenge_data/test/surfaces/sample_0781_surface.vtk,-1
/Volumes/KINGSTON/summerschool/challenge_data/test/surfaces/sample_0782_surface.vtk,-1
/Volumes/KINGSTON/summerschool/challenge_data/test/surfaces/sample_0786_surface.vtk,1
/Volumes/KINGSTON/summerschool/challenge_data/test/surfaces/sample_0787_surface.vtk,1
/Volumes/KINGSTON/summerschool/challenge_data/test/surfaces/sample_0788_surface.vtk,1
/Volumes/KINGSTON/summerschool/challenge_data/test/surfaces/sample_0790_surface.vtk,1
/Volumes/KINGSTON/summerschool/challenge_data/test/surfaces/sample_0791_surface.vtk,1
/Volumes/KINGSTON/summerschool/challenge_data/test/surfaces/sample_0792_surface.vtk,1
/Volumes/KINGSTON/summerschool/challenge_data/test/surfaces/sample_0793_surface.vtk,-1
/Volumes/KINGSTON/summerschool/challenge_data/test/surfaces/sample_0797_surface.vtk,1
/Volumes/KINGSTON/summerschool/challenge_data/test/surfaces/sample_0798_surface.vtk,1
/Volumes/KINGSTON/summerschool/challenge_data/test/surfaces/sample_0799_surface.vtk,-1
/Volumes/KINGSTON/summerschool/challenge_data/test/surfaces/sample_0801_surface.vtk,-1
/Volumes/KINGSTON/summerschool/challenge_data/test/surfaces/sample_0802_surface.vtk,1
/Volumes/KINGSTON/summerschool/challenge_data/test/surfaces/sample_0803_surface.vtk,1
/Volumes/KINGSTON/summerschool/challenge_data/test/surfaces/sample_0804_surface.vtk,-1
/Volumes/KINGSTON/summerschool/challenge_data/test/surfaces/sample_0807_surface.vtk,-1
/Volumes/KINGSTON/summerschool/challenge_data/test/surfaces/sample_0811_surface.vtk,-1
/Volumes/KINGSTON/summerschool/challenge_data/test/surfaces/sample_0813_surface.vtk,-1
/Volumes/KINGSTON/summerschool/challenge_data/test/surfaces/sample_0817_surface.vtk,-1
/Volumes/KINGSTON/summerschool/challenge_data/test/surfaces/sample_0818_surface.vtk,1
/Volumes/KINGSTON/summerschool/challenge_data/test/surfaces/sample_0820_surface.vtk,-1
/Volumes/KINGSTON/summerschool/challenge_data/test/surfaces/sample_0822_surface.vtk,1
/Volumes/KINGSTON/summerschool/challenge_data/test/surfaces/sample_0824_surface.vtk,-1
/Volumes/KINGSTON/summerschool/challenge_data/test/surfaces/sample_0826_surface.vtk,1
/Volumes/KINGSTON/summerschool/challenge_data/test/surfaces/sample_0830_surface.vtk,1
/Volumes/KINGSTON/summerschool/challenge_data/test/surfaces/sample_0832_surface.vtk,1
/Volumes/KINGSTON/summerschool/challenge_data/test/surfaces/sample_0833_surface.vtk,1
/Volumes/KINGSTON/summerschool/challenge_data/test/surfaces/sample_0837_surface.vtk,1
/Volumes/KINGSTON/summerschool/challenge_data/test/surfaces/sample_0838_surface.vtk,-1
/Volumes/KINGSTON/summerschool/challenge_data/test/surfaces/sample_0840_surface.vtk,1
/Volumes/KINGSTON/summerschool/challenge_data/test/surfaces/sample_0842_surface.vtk,1
/Volumes/KINGSTON/summerschool/challenge_data/test/surfaces/sample_0848_surface.vtk,1
/Volumes/KINGSTON/summerschool/challenge_data/test/surfaces/sample_0855_surface.vtk,1
/Volumes/KINGSTON/summerschool/challenge_data/test/surfaces/sample_0856_surface.vtk,-1
/Volumes/KINGSTON/summerschool/challenge_data/test/surfaces/sample_0859_surface.vtk,1
/Volumes/KINGSTON/summerschool/challenge_data/test/surfaces/sample_0860_surface.vtk,1
/Volumes/KINGSTON/summerschool/challenge_data/test/surfaces/sample_0861_surface.vtk,1
/Volumes/KINGSTON/summerschool/challenge_data/test/surfaces/sample_0864_surface.vtk,1
/Volumes/KINGSTON/summerschool/challenge_data/test/surfaces/sample_0865_surface.vtk,-1
/Volumes/KINGSTON/summerschool/challenge_data/test/surfaces/sample_0867_surface.vtk,1
/Volumes/KINGSTON/summerschool/challenge_data/test/surfaces/sample_0868_surface.vtk,1
/Volumes/KINGSTON/summerschool/challenge_data/test/surfaces/sample_0872_surface.vtk,1
/Volumes/KINGSTON/summerschool/challenge_data/test/surfaces/sample_0875_surface.vtk,1
/Volumes/KINGSTON/summerschool/challenge_data/test/surfaces/sample_0876_surface.vtk,1
/Volumes/KINGSTON/summerschool/challenge_data/test/surfaces/sample_0878_surface.vtk,1
/Volumes/KINGSTON/summerschool/challenge_data/test/surfaces/sample_0879_surface.vtk,1
/Volumes/KINGSTON/summerschool/challenge_data/test/surfaces/sample_0880_surface.vtk,-1
/Volumes/KINGSTON/summerschool/challenge_data/test/surfaces/sample_0881_surface.vtk,1
/Volumes/KINGSTON/summerschool/challenge_data/test/surfaces/sample_0882_surface.vtk,-1
/Volumes/KINGSTON/summerschool/challenge_data/test/surfaces/sample_0889_surface.vtk,1
/Volumes/KINGSTON/summerschool/challenge_data/test/surfaces/sample_0891_surface.vtk,1
/Volumes/KINGSTON/summerschool/challenge_data/test/surfaces/sample_0892_surface.vtk,-1
/Volumes/KINGSTON/summerschool/challenge_data/test/surfaces/sample_0893_surface.vtk,-1
/Volumes/KINGSTON/summerschool/challenge_data/test/surfaces/sample_0894_surface.vtk,1
/Volumes/KINGSTON/summerschool/challenge_data/test/surfaces/sample_0896_surface.vtk,1
/Volumes/KINGSTON/summerschool/challenge_data/test/surfaces/sample_0904_surface.vtk,1
/Volumes/KINGSTON/summerschool/challenge_data/test/surfaces/sample_0905_surface.vtk,1
/Volumes/KINGSTON/summerschool/challenge_data/test/surfaces/sample_0906_surface.vtk,-1
/Volumes/KINGSTON/summerschool/challenge_data/test/surfaces/sample_0907_surface.vtk,-1
/Volumes/KINGSTON/summerschool/challenge_data/test/surfaces/sample_0910_surface.vtk,1
/Volumes/KINGSTON/summerschool/challenge_data/test/surfaces/sample_0913_surface.vtk,1
/Volumes/KINGSTON/summerschool/challenge_data/test/surfaces/sample_0917_surface.vtk,1
/Volumes/KINGSTON/summerschool/challenge_data/test/surfaces/sample_0919_surface.vtk,-1
/Volumes/KINGSTON/summerschool/challenge_data/test/surfaces/sample_0920_surface.vtk,1
/Volumes/KINGSTON/summerschool/challenge_data/test/surfaces/sample_0924_surface.vtk,1
/Volumes/KINGSTON/summerschool/challenge_data/test/surfaces/sample_0926_surface.vtk,1
/Volumes/KINGSTON/summerschool/challenge_data/test/surfaces/sample_0927_surface.vtk,-1
/Volumes/KINGSTON/summerschool/challenge_data/test/surfaces/sample_0929_surface.vtk,1
/Volumes/KINGSTON/summerschool/challenge_data/test/surfaces/sample_0933_surface.vtk,1
/Volumes/KINGSTON/summerschool/challenge_data/test/surfaces/sample_0936_surface.vtk,1
/Volumes/KINGSTON/summerschool/challenge_data/test/surfaces/sample_0939_surface.vtk,-1
/Volumes/KINGSTON/summerschool/challenge_data/test/surfaces/sample_0943_surface.vtk,1
/Volumes/KINGSTON/summerschool/challenge_data/test/surfaces/sample_0944_surface.vtk,1
/Volumes/KINGSTON/summerschool/challenge_data/test/surfaces/sample_0945_surface.vtk,1
/Volumes/KINGSTON/summerschool/challenge_data/test/surfaces/sample_0946_surface.vtk,-1
/Volumes/KINGSTON/summerschool/challenge_data/test/surfaces/sample_0950_surface.vtk,1
/Volumes/KINGSTON/summerschool/challenge_data/test/surfaces/sample_0955_surface.vtk,1
/Volumes/KINGSTON/summerschool/challenge_data/test/surfaces/sample_0962_surface.vtk,1
/Volumes/KINGSTON/summerschool/challenge_data/test/surfaces/sample_0964_surface.vtk,-1
/Volumes/KINGSTON/summerschool/challenge_data/test/surfaces/sample_0967_surface.vtk,1
/Volumes/KINGSTON/summerschool/challenge_data/test/surfaces/sample_0968_surface.vtk,1
/Volumes/KINGSTON/summerschool/challenge_data/test/surfaces/sample_0969_surface.vtk,1
/Volumes/KINGSTON/summerschool/challenge_data/test/surfaces/sample_0971_surface.vtk,1
/Volumes/KINGSTON/summerschool/challenge_data/test/surfaces/sample_0975_surface.vtk,-1
/Volumes/KINGSTON/summerschool/challenge_data/test/surfaces/sample_0978_surface.vtk,1
/Volumes/KINGSTON/summerschool/challenge_data/test/surfaces/sample_0982_surface.vtk,1
/Volumes/KINGSTON/summerschool/challenge_data/test/surfaces/sample_0986_surface.vtk,1
/Volumes/KINGSTON/summerschool/challenge_data/test/surfaces/sample_0988_surface.vtk,-1
/Volumes/KINGSTON/summerschool/challenge_data/test/surfaces/sample_0989_surface.vtk,-1
/Volumes/KINGSTON/summerschool/challenge_data/test/surfaces/sample_0992_surface.vtk,1
/Volumes/KINGSTON/summerschool/challenge_data/test/surfaces/sample_0998_surface.vtk,-1
/Volumes/KINGSTON/summerschool/challenge_data/test/surfaces/sample_1000_surface.vtk,1
/Volumes/KINGSTON/summerschool/challenge_data/test/surfaces/sample_1001_surface.vtk,-1
/Volumes/KINGSTON/summerschool/challenge_data/test/surfaces/sample_1003_surface.vtk,1
/Volumes/KINGSTON/summerschool/challenge_data/test/surfaces/sample_1005_surface.vtk,1
/Volumes/KINGSTON/summerschool/challenge_data/test/surfaces/sample_1006_surface.vtk,-1
/Volumes/KINGSTON/summerschool/challenge_data/test/surfaces/sample_1010_surface.vtk,-1
/Volumes/KINGSTON/summerschool/challenge_data/test/surfaces/sample_1013_surface.vtk,1
/Volumes/KINGSTON/summerschool/challenge_data/test/surfaces/sample_1016_surface.vtk,-1
/Volumes/KINGSTON/summerschool/challenge_data/test/surfaces/sample_1018_surface.vtk,1
/Volumes/KINGSTON/summerschool/challenge_data/test/surfaces/sample_1022_surface.vtk,1
/Volumes/KINGSTON/summerschool/challenge_data/test/surfaces/sample_1026_surface.vtk,1
/Volumes/KINGSTON/summerschool/challenge_data/test/surfaces/sample_1029_surface.vtk,1
/Volumes/KINGSTON/summerschool/challenge_data/test/surfaces/sample_1030_surface.vtk,1
/Volumes/KINGSTON/summerschool/challenge_data/test/surfaces/sample_1031_surface.vtk,1
/Volumes/KINGSTON/summerschool/challenge_data/test/surfaces/sample_1033_surface.vtk,-1
/Volumes/KINGSTON/summerschool/challenge_data/test/surfaces/sample_1035_surface.vtk,-1
/Volumes/KINGSTON/summerschool/challenge_data/test/surfaces/sample_1040_surface.vtk,1
/Volumes/KINGSTON/summerschool/challenge_data/test/surfaces/sample_1041_surface.vtk,1
/Volumes/KINGSTON/summerschool/challenge_data/test/surfaces/sample_1043_surface.vtk,1
/Volumes/KINGSTON/summerschool/challenge_data/test/surfaces/sample_1045_surface.vtk,1
/Volumes/KINGSTON/summerschool/challenge_data/test/surfaces/sample_1046_surface.vtk,-1
/Volumes/KINGSTON/summerschool/challenge_data/test/surfaces/sample_1049_surface.vtk,-1
/Volumes/KINGSTON/summerschool/challenge_data/test/surfaces/sample_1054_surface.vtk,1
/Volumes/KINGSTON/summerschool/challenge_data/test/surfaces/sample_1055_surface.vtk,-1
/Volumes/KINGSTON/summerschool/challenge_data/test/surfaces/sample_1056_surface.vtk,-1
/Volumes/KINGSTON/summerschool/challenge_data/test/surfaces/sample_1058_surface.vtk,-1
/Volumes/KINGSTON/summerschool/challenge_data/test/surfaces/sample_1060_surface.vtk,-1
/Volumes/KINGSTON/summerschool/challenge_data/test/surfaces/sample_1061_surface.vtk,1
/Volumes/KINGSTON/summerschool/challenge_data/test/surfaces/sample_1062_surface.vtk,1
/Volumes/KINGSTON/summerschool/challenge_data/test/surfaces/sample_1064_surface.vtk,1
/Volumes/KINGSTON/summerschool/challenge_data/test/surfaces/sample_1066_surface.vtk,1
/Volumes/KINGSTON/summerschool/challenge_data/test/surfaces/sample_1069_surface.vtk,1
/Volumes/KINGSTON/summerschool/challenge_data/test/surfaces/sample_1070_surface.vtk,1
/Volumes/KINGSTON/summerschool/challenge_data/test/surfaces/sample_1072_surface.vtk,1
/Volumes/KINGSTON/summerschool/challenge_data/test/surfaces/sample_1073_surface.vtk,1
/Volumes/KINGSTON/summerschool/challenge_data/test/surfaces/sample_1075_surface.vtk,1
/Volumes/KINGSTON/summerschool/challenge_data/test/surfaces/sample_1076_surface.vtk,1
/Volumes/KINGSTON/summerschool/challenge_data/test/surfaces/sample_1079_surface.vtk,-1
/Volumes/KINGSTON/summerschool/challenge_data/test/surfaces/sample_1080_surface.vtk,1
/Volumes/KINGSTON/summerschool/challenge_data/test/surfaces/sample_1081_surface.vtk,1
/Volumes/KINGSTON/summerschool/challenge_data/test/surfaces/sample_1082_surface.vtk,-1
/Volumes/KINGSTON/summerschool/challenge_data/test/surfaces/sample_1083_surface.vtk,1
/Volumes/KINGSTON/summerschool/challenge_data/test/surfaces/sample_1084_surface.vtk,1
/Volumes/KINGSTON/summerschool/challenge_data/test/surfaces/sample_1085_surface.vtk,-1
/Volumes/KINGSTON/summerschool/challenge_data/test/surfaces/sample_1087_surface.vtk,-1
/Volumes/KINGSTON/summerschool/challenge_data/test/surfaces/sample_1088_surface.vtk,-1
/Volumes/KINGSTON/summerschool/challenge_data/test/surfaces/sample_1091_surface.vtk,1
/Volumes/KINGSTON/summerschool/challenge_data/test/surfaces/sample_1092_surface.vtk,1
/Volumes/KINGSTON/summerschool/challenge_data/test/surfaces/sample_1093_surface.vtk,1
/Volumes/KINGSTON/summerschool/challenge_data/test/surfaces/sample_1094_surface.vtk,-1
/Volumes/KINGSTON/summerschool/challenge_data/test/surfaces/sample_1095_surface.vtk,-1
/Volumes/KINGSTON/summerschool/challenge_data/test/surfaces/sample_1097_surface.vtk,1
/Volumes/KINGSTON/summerschool/challenge_data/test/surfaces/sample_1098_surface.vtk,1
/Volumes/KINGSTON/summerschool/challenge_data/test/surfaces/sample_1099_surface.vtk,1
/Volumes/KINGSTON/summerschool/challenge_data/test/surfaces/sample_1100_surface.vtk,1
/Volumes/KINGSTON/summerschool/challenge_data/test/surfaces/sample_1104_surface.vtk,-1
